route,routelink
Patiala to Delhi,https://www.redbus.in/bus-tickets/patiala-to-delhi
Delhi to Patiala,https://www.redbus.in/bus-tickets/delhi-to-patiala
Ludhiana to Delhi,https://www.redbus.in/bus-tickets/ludhiana-to-delhi
Jalandhar to Delhi,https://www.redbus.in/bus-tickets/jalandhar-to-delhi
Ludhiana to Delhi Airport,https://www.redbus.in/bus-tickets/ludhiana-to-delhi-airport
Delhi to Ludhiana,https://www.redbus.in/bus-tickets/delhi-to-ludhiana
Jalandhar to Delhi Airport,https://www.redbus.in/bus-tickets/jalandhar-to-delhi-airport
Delhi Airport to Patiala,https://www.redbus.in/bus-tickets/delhi-airport-to-patiala
Delhi to Jalandhar,https://www.redbus.in/bus-tickets/delhi-to-jalandhar
Delhi Airport to Ludhiana,https://www.redbus.in/bus-tickets/delhi-airport-to-ludhiana
Phagwara to Delhi,https://www.redbus.in/bus-tickets/phagwara-to-delhi
Delhi to Amritsar,https://www.redbus.in/bus-tickets/delhi-to-amritsar
Chandigarh to Patiala,https://www.redbus.in/bus-tickets/chandigarh-to-patiala
Chandigarh to Bathinda,https://www.redbus.in/bus-tickets/chandigarh-to-bathinda
Delhi Airport to Jalandhar,https://www.redbus.in/bus-tickets/delhi-airport-to-jalandhar
Patiala to Amritsar,https://www.redbus.in/bus-tickets/patiala-to-amritsar
Amritsar to Delhi Airport,https://www.redbus.in/bus-tickets/amritsar-to-delhi-airport
Amritsar to Delhi,https://www.redbus.in/bus-tickets/amritsar-to-delhi
Phagwara to Delhi Airport,https://www.redbus.in/bus-tickets/phagwara-to-delhi-airport
Amritsar to Patiala,https://www.redbus.in/bus-tickets/amritsar-to-patiala
